堀井学衆院議員に強制捜査 公選法違反疑い 堀井氏は自民党離党	html/20240718/k10014514751000.html	Thu, 18 Jul 2024 19:43:33 +0900
「目を真っ赤にして机に」 京アニ放火事件から5年	html/20240718/k10014514511000.html	Thu, 18 Jul 2024 18:42:38 +0900
円相場 一時1ドル＝155円台まで値上がり 円高の要因は	html/20240718/k10014514711000.html	Thu, 18 Jul 2024 19:46:10 +0900
銃撃事件後のトランプ氏とケネディ氏の電話での会話 SNSに流出	html/20240717/k10014514071000.html	Wed, 17 Jul 2024 17:40:12 +0900
気象庁 “関東甲信と東海 梅雨明け” 1週間程度 熱中症に警戒	html/20240718/k10014514761000.html	Thu, 18 Jul 2024 18:38:50 +0900
スズキ 「アルト」など6車種 13万台余リコール 変速機不具合で	html/20240718/k10014514991000.html	Thu, 18 Jul 2024 14:56:30 +0900
“20億年前”地球最古の微生物? 生命の起源に迫る重要な発見か	html/20240718/k10014514831000.html	Thu, 18 Jul 2024 18:30:16 +0900
大谷翔平 オールスター初ホームランのスリーラン【一問一答】	html/20240717/k10014513371000.html	Wed, 17 Jul 2024 18:07:41 +0900
芥川賞に朝比奈秋さん・松永K三蔵さん 直木賞に一穂ミチさん	html/20240717/k10014513681000.html	Wed, 17 Jul 2024 21:46:40 +0900
毎日新聞 富山県内での配送を9月末で休止へ 全国初	html/20240717/k10014513881000.html	Wed, 17 Jul 2024 15:25:29 +0900
「シンジ、なんでパイロットにならないんだ」夢を諦めず米国で	html/20240717/k10014513841000.html	Wed, 17 Jul 2024 17:26:33 +0900
最低賃金 労働者側は大幅引き上げ要求も、企業側は慎重な姿勢	html/20240718/k10014515061000.html	Thu, 18 Jul 2024 21:02:12 +0900
週2日でもOK!「短時間正社員」関心高まる 中小企業も注目	html/20240717/k10014513301000.html	Wed, 17 Jul 2024 06:57:09 +0900
「Visa」日本法人 独占禁止法違反の疑い 公取委が立ち入り検査	html/20240717/k10014513731000.html	Wed, 17 Jul 2024 15:36:11 +0900
座ってレジ打ち 座って警備も！？ いす導入が立ち仕事を変える	html/20240718/k10014513981000.html	Thu, 18 Jul 2024 12:51:11 +0900
体操女子 日本代表の19歳 宮田笙子選手 喫煙疑惑で協会が調査	html/20240718/k10014515831000.html	Fri, 19 Jul 2024 00:16:30 +0900
埼玉 川口 マンション1室で爆発 3人けがも命に別状なし	html/20240718/k10014515801000.html	Thu, 18 Jul 2024 22:21:00 +0900
“バイデン大統領が新型コロナ陽性 症状軽い” ホワイトハウス	html/20240718/k10014514671000.html	Thu, 18 Jul 2024 09:33:17 +0900
黙秘に「ガキだよね」発言 取り調べは違法と認め国に賠償命令	html/20240718/k10014514891000.html	Thu, 18 Jul 2024 15:36:41 +0900
円安 市場介入を指揮 “令和のミスター円”神田財務官に問う	html/20240717/k10014513711000.html	Wed, 17 Jul 2024 16:52:03 +0900
